Ticker,Date,Time,Headline,neg,neu,pos,compound
NIO,Mar-19-21,02:45AM,Tesla Looks To Give Customers The Giga Shanghai Experience,0.0,1.0,0.0,0.0
NIO,Mar-18-21,08:00AM,Tesla Stock Vs. Nio? Own The Top EV Stocks No Matter Who Wins,0.124,0.506,0.371,0.5267
NIO,Mar-17-21,10:15AM,Lordstown Motors earnings: here's what we can expect,0.0,1.0,0.0,0.0
NIO,Mar-16-21,04:38PM,ElectraMeccanica to establish U.S. base of operations in Arizona,0.0,1.0,0.0,0.0
NIO,Mar-16-21,02:53PM,This 118-year-old legendary auto parts maker is going public via a SPAC,0.0,1.0,0.0,0.0
NIO,Mar-16-21,02:36PM,Is Nio Stock A Buy? Chip Shortage EV Competition Weigh On Outlook,0.167,0.833,0.0,-0.25
NIO,Mar-16-21,01:24PM,Keep on Buying NIO Stock Says Analyst Following Investor Meeting,0.0,1.0,0.0,0.0
NIO,Mar-16-21,08:03AM,From This Explosion Of New EV Stocks The Next Tesla May Emerge,0.0,1.0,0.0,0.0
NIO,Mar-15-21,11:46PM,Xpeng CEO Bought Shares In Rival Nio During 2019 Low,0.171,0.65,0.179,0.0258
NIO,Mar-15-21,03:25PM,The Tesla bubble: Bets on electric cars and the rise of SPACs have led to a new version of the dot-com boom,0.0,1.0,0.0,0.0
NIO,Mar-15-21,03:02PM,In One Chart: The explosion in electric-vehicle funding valuation and trading,0.0,1.0,0.0,0.0
NIO,Mar-15-21,02:55PM,Billions poured into electric-vehicle companies but much more will be needed before the auto industry changes,0.0,1.0,0.0,0.0
NIO,Mar-15-21,02:36PM,Dow Jones Rises Nasdaq Leads; Airlines Soar; Germany France Suspend Covid Vaccine,0.173,0.827,0.0,-0.3182
NIO,Mar-15-21,12:33PM,Top Electric Car Stocks for Q2 2021,0.0,0.769,0.231,0.2023
NIO,Mar-15-21,10:15AM,Holley CEO talks going public via SPAC amid pandemic,0.0,1.0,0.0,0.0
NIO,Mar-14-21,06:04PM,Better Buy: NIO vs. XPeng Motors,0.0,0.633,0.367,0.4404
NIO,Mar-13-21,07:00AM,One Bank Made Big Bets on Apple Tesla Nio and Other EV Stocks,0.0,1.0,0.0,0.0
NIO,Mar-12-21,01:45PM,Nasdaq Slips As Biden Stimulus Raises These Fears; Dow Rallies; Warren Buffett Stock Crumbles,0.177,0.823,0.0,-0.4215
NIO,Mar-12-21,01:05PM,Nio Seems Awfully Risky When Considering the Bigger Picture,0.207,0.793,0.0,-0.2716
NIO,Mar-12-21,11:39AM,Nasdaq Backtracks Dow Up Alibaba Hit Hard But These Growth Stocks Strengthen; Novavax Soars,0.081,0.636,0.283,0.5423
NIO,Mar-12-21,06:27AM,XPeng stock falls even as losses narrow and revenue rises amid broader weakness in EV stocks,0.282,0.718,0.0,-0.6705
NIO,Mar-11-21,04:03PM,EV Startup That Drew Apple Interest Takes On Tesla GM In Hot Pickup Market,0.0,0.812,0.188,0.4588
NIO,Mar-11-21,03:07PM,Tesla Nio stocks surge after Mizuho analyst said buy the EV leaders,0.0,1.0,0.0,0.0
NIO,Mar-11-21,02:01PM,Buy NIO Stock Because $60 Is Around the Corner Says Analyst,0.0,1.0,0.0,0.0
NIO,Mar-11-21,01:18PM,Dow Jones Hits Record High With Biden Set To Sign Covid Stimulus Bill; Roblox Stock Jumps,0.0,1.0,0.0,0.0
NIO,Mar-11-21,12:13PM,Tesla Stock Has Gotten Crushed. Wall Street Is  Quietly Getting More Optimistic.,0.182,0.65,0.168,-0.0534
NIO,Mar-11-21,10:49AM,Why NIO Stock Is Higher Today,0.0,1.0,0.0,0.0
NIO,Mar-11-21,09:40AM,Thinking About Buying Stock In ADT Nio Tesla Or Li Auto?,0.0,1.0,0.0,0.0
NIO,Mar-11-21,02:23AM,Beyond Tesla And Nio  Companies Exploit China's Mass EV Potential,0.135,0.865,0.0,-0.1027
NIO,Mar-10-21,04:10PM,Volkswagen Stock Jumps After CEO Teases 'Power Day',0.239,0.761,0.0,-0.296
NIO,Mar-10-21,12:15PM,Dow Surges To Record With Biden Stimulus Vote Due; Nasdaq Up As These Fears Ease; GE Dives,0.138,0.739,0.123,-0.0772
NIO,Mar-10-21,11:58AM,Volkswagen and Goldman Sachs-backed Northvolt snaps up Silicon Valleys Cuberg in EV battery race,0.0,1.0,0.0,0.0
NIO,Mar-10-21,11:40AM,EV Investors Got the Data They Wanted: Inflation Is in Check,0.0,1.0,0.0,0.0
NIO,Mar-10-21,08:16AM,Dow Jones Futures Rise But So Do Treasury Yields With Final Biden Stimulus Vote On Tap; Where To Look For Breakouts,0.0,0.906,0.094,0.2682
NIO,Mar-10-21,07:20AM,3 Overhyped Stocks I'm Avoiding in March,0.324,0.676,0.0,-0.34
NIO,Mar-10-21,06:02AM,Dow Jones Futures Rise With Final Biden Stimulus Vote On Tap; Where To Look For Breakouts,0.0,1.0,0.0,0.0
NIO,Mar-09-21,07:53PM,Tesla and Other EV Stocks Are Bouncing Back. That Doesnt Mean the Bubble Wont Pop.,0.0,1.0,0.0,0.0
NIO,Mar-09-21,07:32PM,Report: Electric Vehicle Peers NIO Xpeng and Li Auto Considering Hong Kong Stock Exchange Listing,0.0,1.0,0.0,0.0
NIO,Mar-09-21,04:10PM,EV Stocks Rebound As Tesla Rival Rivian Eyes This 'Huge Step',0.0,0.813,0.187,0.3182
NIO,Mar-09-21,04:07PM,Tesla Stock Jumps As China Sales Show Changing Market Dynamics,0.0,0.811,0.189,0.2732
NIO,Mar-09-21,04:00PM,Forget Nio and XPeng. This company and Tesla will be the top two electric-vehicle plays by 2025 says UBS.,0.088,0.737,0.175,0.2263
NIO,Mar-09-21,02:34PM,CarParts.com is in beginning stages of disrupting the auto parts industry: CEO,0.0,1.0,0.0,0.0
NIO,Mar-09-21,11:43AM,Why NIO Stock Is Higher Today,0.0,1.0,0.0,0.0
NIO,Mar-09-21,09:38AM,3 Reasons Tesla Stock Is Rising Today,0.0,1.0,0.0,0.0
NIO,Mar-09-21,06:51AM,Tesla Nio stocks bounce after upbeat China car sales data,0.0,1.0,0.0,0.0
NIO,Mar-09-21,05:46AM,Li Auto Nio Xpeng Jump as EV Firms Reportedly Seek Hong Kong Listing,0.0,1.0,0.0,0.0
NIO,Mar-09-21,03:12AM,Homebound? Chinese EV Makers Nio Xpeng Li Auto Mull Listings In Hong Kong: Reuters,0.0,1.0,0.0,0.0
NIO,Mar-08-21,04:03PM,Xpeng To Launch New Electric Vehicle Reports Mixed Q4,0.0,1.0,0.0,0.0
NIO,Mar-08-21,01:59PM,XPeng Motors Vice-Chairman & President: we are closely monitoring the chip shortage,0.167,0.833,0.0,-0.25
NIO,Mar-08-21,09:30AM,Futures mixed as tech shares dip treasury yields jump,0.0,0.636,0.364,0.4588
NIO,Mar-08-21,08:45AM,Auto Stock Roundup: Quarterly Results of NIO & AZO Buyout Updates From LAD & PAG,0.0,1.0,0.0,0.0
NIO,Mar-08-21,08:03AM,Thinking About Buying Stock In Peloton Nio Coca-Cola Or Bumble?,0.0,1.0,0.0,0.0
NIO,Mar-08-21,07:35AM,Chinese electric car maker Xpeng sees 'big momentum' into March: vice chairman and president,0.0,1.0,0.0,0.0
NIO,Mar-08-21,06:49AM,Top Car Stocks for Q2 2021,0.0,0.735,0.265,0.2023
NIO,Mar-08-21,06:30AM,XPeng Beats Q4 Revenues Guides For Strong Q1 Deliveries,0.0,0.708,0.292,0.5106
NIO,Mar-08-21,06:21AM,XPeng stock falls toward 4-month low after wider-than-expected loss while revenue rises fourfold,0.286,0.714,0.0,-0.5267
NIO,Mar-08-21,05:14AM,Tesla VP Says EV Charging Not Battery Swapping Is The Way Forward,0.0,1.0,0.0,0.0
NIO,Mar-05-21,05:45PM,The Next Tesla May Emerge From This Explosion Of New EV Stocks,0.0,1.0,0.0,0.0
NIO,Mar-05-21,04:30PM,Stock Market Falls Into Correction As Treasury Yields Jump On Fed Chief Powell; Oil Soars Target Tesla Zoom Tumble,0.0,0.909,0.091,0.2023
NIO,Mar-05-21,04:12PM,Volkswagen Accelerates EV Production Plans As Tesla Nio Continue To Crash,0.213,0.787,0.0,-0.4019
NIO,Mar-05-21,03:05PM,Dow Jones Surges 500 Points Nasdaq Up As Stock Market Rallies After Early Sell-Off,0.0,1.0,0.0,0.0
NIO,Mar-05-21,12:19PM,Dow Dips Nasdaq Dives After This Yield Hits 2021 High; Tesla Meltdown Continues,0.0,1.0,0.0,0.0
NIO,Mar-05-21,11:42AM,The electric vehicle Gold Rush: A look at EV startups going public,0.0,1.0,0.0,0.0
NIO,Mar-04-21,04:02PM,General Motors Looks To Add More Juice To Electric Vehicle Transformation,0.0,1.0,0.0,0.0
NIO,Mar-04-21,02:09PM,Why NIO Stock Is Down Today,0.0,1.0,0.0,0.0
NIO,Mar-04-21,10:11AM,NIO Stock: Cash Secured Put Update,0.0,0.649,0.351,0.4019
NIO,Mar-04-21,09:52AM,Tesla and Nio have sold off but the EV party is just getting started and China is key say these analysts,0.0,0.849,0.151,0.5499
NIO,Mar-04-21,06:01AM,Nio: Selloff After Earnings Could Present An Accumulation Opportunity,0.0,0.741,0.259,0.4215
NIO,Mar-03-21,04:07PM,Ford Mustang Mach-E Grabs EV Share From Tesla,0.0,0.761,0.239,0.296
NIO,Mar-03-21,01:35PM,We Asked 1000 Readers Why They Invested In Tesla Nio Li Auto And Xpeng,0.0,1.0,0.0,0.0
NIO,Mar-03-21,12:00PM,Dow Rallies After Biden Vaccine Pledge Even As Bond Yields Rise; Boeing Stock Flies,0.0,1.0,0.0,0.0
NIO,Mar-03-21,10:25AM,Dow Falls Despite Biden Vaccine Pledge Amid Weak Jobs Data; Boeing Flies; Bitcoin Surges,0.182,0.818,0.0,-0.4404
NIO,Mar-03-21,10:10AM,J.P. Morgan: Dont Say Bye Bye to NIO Stock Say Buy Buy,0.0,1.0,0.0,0.0
NIO,Mar-03-21,08:01AM,Dow Jones Futures Signal Stock Market Rally Rebound; Vaccine Play Soars,0.0,0.806,0.194,0.34
NIO,Mar-03-21,08:00AM,Why NIO Stock Sank 19.7% in February,0.0,1.0,0.0,0.0
NIO,Mar-03-21,01:18AM,NIO Limited (NYSE:NIO): Is Breakeven Near?,0.275,0.725,0.0,-0.2263
NIO,Mar-02-21,05:24PM,NIO: Stock Weakness Should Serve as Buying Opportunity Says Analyst,0.206,0.588,0.206,0.0
NIO,Mar-02-21,05:05PM,PreMarket Prep Stock Of The Day: Nio,0.0,1.0,0.0,0.0
NIO,Mar-02-21,04:25PM,Nio Stock Falls On Mixed Q4 Earnings Report Chip-Shortage Warning,0.211,0.789,0.0,-0.34
NIO,Mar-02-21,04:09PM,EV Stocks Xpeng Li Auto Fall As Global Headwind To Follow Seasonal Slowdown,0.0,1.0,0.0,0.0
NIO,Mar-02-21,04:08PM,Volvo Cars to double U.S. footprint as it aims to go all electric by 2030,0.0,1.0,0.0,0.0
NIO,Mar-02-21,02:48PM,NIO Stock Is Falling. Heres What Analysts Are Saying.,0.167,0.833,0.0,-0.1531
NIO,Mar-02-21,01:47PM,Dow Jones Attracts Buyers Amid Tech Weakness; Sellers Hit Zoom Video Stock Despite Bullish Earnings Guidance,0.144,0.718,0.138,-0.0258
NIO,Mar-02-21,12:16PM,Dow Jones Slides As Stocks Reverse; Target Falls On These Fears; Nio Boeing Stall,0.277,0.723,0.0,-0.5574
NIO,Mar-02-21,11:54AM,NIO XPeng Pulled Stock Markets Lower Tuesday. Here's Why,0.216,0.784,0.0,-0.296
NIO,Mar-02-21,11:45AM,Dow Jones Turns Red As Stock Market Sells Off; Nio Dives On Earnings,0.0,1.0,0.0,0.0
NIO,Mar-02-21,11:26AM,Nio heads deeper into bear market after earnings,0.0,1.0,0.0,0.0
NIO,Mar-02-21,10:26AM,Dow Reverses Tech Stocks Fall As Nio Dives On Earnings; Zoom Soars On Big Beat,0.0,1.0,0.0,0.0
NIO,Mar-02-21,09:22AM,Nio Reports Mixed 4Q Results; Shares Drop 5.9% Pre-Market,0.458,0.396,0.145,-0.694
NIO,Mar-02-21,08:45AM,5 Key Things NIO Management Said on Their Earnings Conference Call,0.0,1.0,0.0,0.0
NIO,Mar-02-21,08:34AM,XPeng Li Auto stocks fall after February deliveries data in wake of Nio's mixed results,0.0,1.0,0.0,0.0
NIO,Mar-02-21,08:29AM,NIO Q4 Loss In Line With Estimates Sales Top Q1 View Solid,0.156,0.612,0.231,0.0258
NIO,Mar-02-21,07:48AM,Dow Jones Futures: Is Stock Market Pullback Over? Nio Tumbles Zoom Soars On Earnings,0.0,1.0,0.0,0.0
NIO,Mar-02-21,06:01AM,NIO Inc. (NIO) Q4 2020 Earnings Call Transcript,0.0,1.0,0.0,0.0
NIO,Mar-02-21,04:58AM,Tesla Shares Slip Lower After NIO Earnings China Sales Forecast,0.177,0.645,0.177,0.0
NIO,Mar-02-21,04:19AM,Nio Says Chip Shortage Will Hit EV Production In Q2,0.182,0.818,0.0,-0.25
NIO,Mar-01-21,06:02PM,Nios sales top $2 billion in transformational year,0.0,0.795,0.205,0.2023
NIO,Mar-01-21,05:58PM,Nio Reports Wider Q4 Loss Despite Revenues Topping $1B,0.223,0.777,0.0,-0.3182
NIO,Mar-01-21,05:28PM,UPDATE 3-China's Nio posts bigger-than-expected loss slowing EV sales growth in Q1,0.154,0.671,0.174,0.0772
NIO,Mar-01-21,05:21PM,NIO: Q4 Earnings Insights,0.0,1.0,0.0,0.0
TSLA,Mar-19-21,06:28AM,Dow Jones Futures Rise As Treasury Yields Retreat After Nasdaq Breaks Support Tesla Apple Hit Resistance,0.0,0.674,0.326,0.6486
TSLA,Mar-19-21,06:01AM,Is This Underappreciated Cathie Wood Stock a Better Buy Than Tesla Right Now?,0.0,0.791,0.209,0.4404
TSLA,Mar-19-21,06:00AM,The Sun Is Shining on Convertible Bonds Built for Good or Bad Weather,0.201,0.632,0.167,-0.1531
TSLA,Mar-19-21,02:45AM,Tesla Looks To Give Customers The Giga Shanghai Experience,0.0,1.0,0.0,0.0
TSLA,Mar-19-21,02:10AM,Tesla Apple Power Component Supplier Slashes China Workforce By About Half,0.153,0.847,0.0,-0.2023
TSLA,Mar-19-21,12:29AM,Tesla Rival Rivian To Install Over 3500 Fast EV Chargers And Another 10000 Open To Public By 2023,0.0,1.0,0.0,0.0
TSLA,Mar-19-21,12:15AM,Watch Tesla Nikola and these other stocks as change comes for a trucking market worth $1.5 trillion says UBS,0.0,0.899,0.101,0.2263
TSLA,Mar-19-21,12:13AM,Elon Musk Takes A Dig At NFT Investors,0.0,1.0,0.0,0.0
TSLA,Mar-18-21,10:07PM,Exclusive: Targeting Tesla China's Geely to launch new premium EV brand - sources,0.0,0.88,0.12,0.128
TSLA,Mar-18-21,08:00PM,Taiwanese Apple and Tesla contractor cuts China headcount by almost half,0.18,0.82,0.0,-0.296
TSLA,Mar-18-21,07:37PM,Tesla Is Down. GM and Ford Are Up. How Interest Rates Play With Stocks.,0.0,0.69,0.31,0.6597
TSLA,Mar-18-21,05:40PM,Why Kevin O'Leary Changed His Mind On Tesla Keeps Allocation Capped At 5%,0.0,1.0,0.0,0.0
TSLA,Mar-18-21,04:56PM,UPDATE 2-U.S. safety agency reviewing 23 Tesla crashes three from recent weeks,0.0,0.797,0.203,0.4215
TSLA,Mar-18-21,03:06PM,Expert Ratings for Tesla,0.0,1.0,0.0,0.0
TSLA,Mar-18-21,03:03PM,This EV Stock Has Gained 70% in a Month. Its Not Tesla.,0.0,0.794,0.206,0.3818
TSLA,Mar-18-21,02:11PM,Why Tesla Stock Fell Sharply on Thursday,0.0,1.0,0.0,0.0
TSLA,Mar-18-21,12:43PM,March Madness on Wall Street: stocks to watch,0.293,0.707,0.0,-0.4404
TSLA,Mar-18-21,12:43PM,Dow Rallies To Record Highs Tech Stocks Sell Off As Treasury Yields Spike; Apple Tesla Tumble,0.0,0.893,0.107,0.2023
TSLA,Mar-18-21,11:20AM,VWs Furious Rally Fueled by Surge in U.S. Trading Volume,0.291,0.709,0.0,-0.5719
TSLA,Mar-18-21,11:09AM,Another Nikola Investor To Slash Stake While Rivian Expands Road Test,0.168,0.72,0.112,-0.1779
TSLA,Mar-18-21,10:07AM,UPDATE 1-Renault sees its electric hybrid car sales doubling in 2021 - sources,0.0,1.0,0.0,0.0
TSLA,Mar-18-21,09:26AM,Mogo Cars.com Ford Volkswagen  and Tesla highlighted as Zacks Bull and Bear of the Day,0.0,1.0,0.0,0.0
TSLA,Mar-18-21,09:18AM,Electric truck startup Lordstown slumps 12% on SEC probe,0.0,1.0,0.0,0.0
TSLA,Mar-18-21,09:04AM,Nikola Lordstown shares drop in latest sign of turbulence for EV sector,0.147,0.699,0.154,0.0258
TSLA,Mar-18-21,08:00AM,Tesla Stock Vs. Nio? Own The Top EV Stocks No Matter Who Wins,0.124,0.506,0.371,0.5267
TSLA,Mar-18-21,07:23AM,How bitcoin is like Tesla and here to stay but will feel volatility from this unique effect says Deutsche Bank,0.0,0.916,0.084,0.1901
TSLA,Mar-18-21,04:55AM,EV frenzy over Volkswagen shares draws regulator's attention,0.219,0.571,0.21,-0.0258
TSLA,Mar-18-21,04:01AM,Tesla Faces Federal Investigation Over Michigan State Police Vehicle Crash,0.231,0.769,0.0,-0.4019
TSLA,Mar-18-21,03:38AM,Tesla Down 2% On UK Cutting Subsidies for EVs Mounting Challenges,0.127,0.763,0.11,-0.0516
TSLA,Mar-18-21,02:55AM,Volkswagen Extends 'Reddit-Like' Rally as It Closes EV Gap With Tesla,0.0,0.87,0.13,0.128
TSLA,Mar-18-21,02:08AM,Proposed Bitcoin Ban Becomes X Factor In Tesla's India Foray,0.31,0.69,0.0,-0.5574
TSLA,Mar-17-21,11:47PM,Toshiba Investors Back Hedge Funds Call to Probe AGM Voting,0.0,1.0,0.0,0.0
TSLA,Mar-17-21,09:13PM,Tesla on Autopilot drives into patrol car in Michigan police say,0.0,1.0,0.0,0.0
TSLA,Mar-17-21,08:20PM,UPDATE 1-U.S. investigating suspected Autopilot Tesla crash into police vehicle,0.365,0.635,0.0,-0.5574
TSLA,Mar-17-21,07:48PM,U.S. investigating suspected Autopilot Tesla crash into police vehicle,0.397,0.603,0.0,-0.5574
TSLA,Mar-17-21,07:46PM,RPT-FOCUS-Power Play: Volkswagen abruptly pulls plug on South Korean battery makers,0.0,0.806,0.194,0.34
TSLA,Mar-17-21,05:10PM,Lordstown Discloses SEC Inquiry Over Short-Seller Report,0.0,1.0,0.0,0.0
TSLA,Mar-17-21,03:41PM,Investors really hate tech stocks right now but should they?,0.217,0.783,0.0,-0.3604
TSLA,Mar-17-21,03:23PM,Tesla Driving On Autopilot Crashes Into Michigan State Police Vehicle,0.0,1.0,0.0,0.0
TSLA,Mar-17-21,02:30PM,TSLA Stock: Bearish Option Trade Could Yield A 56% Return,0.0,1.0,0.0,0.0
TSLA,Mar-17-21,01:44PM,VW Becomes Germanys Most Valuable Company on EV Enthusiasm,0.0,0.527,0.473,0.7425
TSLA,Mar-17-21,01:30PM,Should You Buy Tesla (TSLA) Stock Before Its Too Late?,0.0,1.0,0.0,0.0
TSLA,Mar-17-21,12:34PM,Is Ford Stock A Buy Now As It Races Higher? Automaker Extending Strong 2021 Gains,0.0,0.678,0.322,0.6908
TSLA,Mar-17-21,12:06PM,Dow Rallies Tech Stocks Tumble As Treasury Yields Jump Ahead Of Fed Decision; Plug Power Dives Tesla Skids,0.0,0.904,0.096,0.2023
TSLA,Mar-17-21,11:03AM,Why Volkswagen Stock Is Suddenly Skyrocketing,0.0,1.0,0.0,0.0
TSLA,Mar-17-21,10:56AM,Volkswagen shares extend rally taking five-day advance to 20%,0.0,0.642,0.358,0.4404
TSLA,Mar-17-21,10:15AM,Lordstown Motors earnings: here's what we can expect,0.0,1.0,0.0,0.0
TSLA,Mar-17-21,10:11AM,Why I'll Never Own Tesla Stock,0.0,1.0,0.0,0.0
TSLA,Mar-17-21,09:58AM,Commodities market in early stages of a long-term bull market: strategist,0.0,1.0,0.0,0.0
TSLA,Mar-17-21,09:01AM,Dow Jones Futures Steady Tech Futures Tumble As Treasury Yields Pop Before Fed Meeting; Plug Power Dives On Accounting,0.0,0.909,0.091,0.2023
TSLA,Mar-17-21,07:30AM,From Sputnik to Elon Musk: How the Space Race Took Shape,0.0,1.0,0.0,0.0
TSLA,Mar-17-21,07:07AM,3 Reasons EV Stocks Are Making Headlines,0.0,1.0,0.0,0.0
TSLA,Mar-17-21,06:46AM,VW CEOs Embrace of Elon Musks Playbook Sends Stock Soaring,0.0,0.796,0.204,0.3182
TSLA,Mar-17-21,06:46AM,PLUG Stock A Buy Now? Plug Power Tumbles On Accounting Errors,0.211,0.789,0.0,-0.34
TSLA,Mar-17-21,05:36AM,Dow Jones Futures: Plug Power CrowdStrike Are Key Movers Ahead Of Fed Meeting; Chip Stocks Flash Buy Signals,0.0,1.0,0.0,0.0
TSLA,Mar-17-21,04:48AM,Tesla 'Going Down' In 2021 As Investors Wake Up To Reality On Incumbents' Potential Says Fund Manager,0.0,1.0,0.0,0.0
TSLA,Mar-17-21,03:35AM,Tesla Down 2.6% As Competition Looms Fund Manager Warns,0.3,0.7,0.0,-0.25
TSLA,Mar-17-21,02:59AM,Power Play: Volkswagen abruptly pulls plug on South Korean battery makers,0.0,0.806,0.194,0.34
TSLA,Mar-17-21,02:52AM,FOCUS-Power Play: Volkswagen abruptly pulls plug on South Korean battery makers,0.0,0.806,0.194,0.34
TSLA,Mar-17-21,02:37AM,Hacker Of Elon Musk Bill Gates Barack Obama Apple Twitter Accounts To Spend 3 Years In Prison,0.18,0.82,0.0,-0.5106
TSLA,Mar-17-21,12:30AM,Why Lucid CEO Doesn't See Apple Car As Threat To EV Makers Like His Company And Tesla,0.163,0.718,0.12,-0.2263
TSLA,Mar-16-21,11:02PM,Tesla CEO Elon Musk is no longer selling one of his tweets about NFTs,0.145,0.855,0.0,-0.296
TSLA,Mar-16-21,10:00PM,Elon Musk-Dogecoin Twitter Verified Profile Scam Cost This Man Over $500000,0.27,0.73,0.0,-0.5719
TSLA,Mar-16-21,07:59PM,Analyst Says Volkswagen Will Overtake Tesla in Electric Vehicle Sales This Year,0.0,1.0,0.0,0.0
TSLA,Mar-16-21,07:11PM,Mark Cuban: You have a 'better chance of making money in Dallas and Texas',0.0,0.692,0.308,0.5994
TSLA,Mar-16-21,06:43PM,Police say Autopilot not believed in use in Detroit Tesla crash,0.213,0.787,0.0,-0.4019
TSLA,Mar-16-21,06:12PM,Why Tesla Stock Fell Sharply on Tuesday,0.0,1.0,0.0,0.0
TSLA,Mar-16-21,06:07PM,Elon Musk sells NFT of his tweet with one bidder offering $1.1m,0.0,1.0,0.0,0.0
TSLA,Mar-16-21,05:39PM,Major Tech Supplier Resumes Selling Verkada Cameras,0.0,1.0,0.0,0.0
TSLA,Mar-16-21,05:32PM,Dow Jones Futures: Nasdaq Fades But These Chip Stocks Flash Buy Signals; Four Key Earnings Movers,0.0,1.0,0.0,0.0
TSLA,Mar-16-21,05:30PM,SoftBank Mints New Unicorn by Backing Analytics Firm PatSnap,0.0,0.879,0.121,0.0258
TSLA,Mar-16-21,04:38PM,ElectraMeccanica to establish U.S. base of operations in Arizona,0.0,1.0,0.0,0.0
TSLA,Mar-16-21,04:28PM,Volkswagen Stock Jumps On Bold Electric Vehicle Sales Target,0.0,0.755,0.245,0.3818
TSLA,Mar-16-21,04:20PM,Dow Jones Snaps 7-Session Win Streak But Intel Gives Buy Signal; Former Leaders Tesla Zoom Video Peloton Hit Hard,0.063,0.766,0.171,0.5267
TSLA,Mar-16-21,03:22PM,Ford Debuts 2021 F-150 Police Responder: What You Need To Know,0.0,1.0,0.0,0.0
TSLA,Mar-16-21,02:53PM,This 118-year-old legendary auto parts maker is going public via a SPAC,0.0,1.0,0.0,0.0
TSLA,Mar-16-21,02:36PM,Is Nio Stock A Buy? Chip Shortage EV Competition Weigh On Outlook,0.167,0.833,0.0,-0.25
TSLA,Mar-16-21,02:03PM,FuelCell Energy Drags Nasdaq Hydrogen Stocks Lower; Can VW Beat Tesla?,0.279,0.571,0.15,-0.2023
TSLA,Mar-16-21,01:43PM,Dow Jones Falls As Nasdaq Rallies; Apple Stock Up As Tech Rebounds; Moderna Pops On This,0.0,1.0,0.0,0.0
TSLA,Mar-16-21,01:00PM,Why Volkswagen's Plan to Beat Tesla Could Crush Other Electric-Car Stocks,0.138,0.862,0.0,-0.1531
TSLA,Mar-16-21,12:56PM,Is Tesla (TSLA) Stock A Buy or Sell?,0.0,1.0,0.0,0.0
TSLA,Mar-16-21,11:56AM,Welcome To The Golden Age Of EVs,0.0,0.667,0.333,0.4588
TSLA,Mar-16-21,11:41AM,Dow Falls As Retail Sales Miss; Tesla Slides While EV Leader Volkswagen Soars 17%,0.11,0.89,0.0,-0.1531
TSLA,Mar-16-21,10:22AM,Tesla Battery Backup Systems Manage Over 1.2GWh of Energy Storage Via Autobidder,0.0,0.84,0.16,0.2732
TSLA,Mar-16-21,09:35AM,Volkswagen Is Coming After Tesla. What It Means for Both Stocks.,0.0,1.0,0.0,0.0
TSLA,Mar-16-21,08:49AM,VW Surges 29% After Laying Plans to Dethrone Tesla by Mid-Decade,0.0,1.0,0.0,0.0
TSLA,Mar-16-21,08:20AM,Tesla Nikola and the Weirdness in EV Stocks,0.213,0.787,0.0,-0.2263
TSLA,Mar-16-21,08:09AM,Dow Jones Futures Fall As Bitcoin Slides From Record Highs; This EV Leader Surges Again,0.0,1.0,0.0,0.0
TSLA,Mar-16-21,06:52AM,Tesla Falls After Analyst Predicts $5K EV in the Future,0.0,1.0,0.0,0.0
TSLA,Mar-16-21,06:36AM,5 Stocks That Were Once the Most Held on Robinhood,0.0,1.0,0.0,0.0
TSLA,Mar-16-21,04:30AM,Bitcoin Steadies Near $56000 After Weekend Rally Evaporates,0.0,1.0,0.0,0.0
TSLA,Mar-16-21,03:50AM,China Signal Users Report Difficulty Accessing Messaging App,0.255,0.745,0.0,-0.34
TSLA,Mar-15-21,11:46PM,Xpeng CEO Bought Shares In Rival Nio During 2019 Low,0.171,0.65,0.179,0.0258
TSLA,Mar-15-21,11:04PM,Only Doge Accepted Here: Beeple's Offer Of $69M NFT Not Good Enough For Elon Musk,0.137,0.743,0.12,-0.0788
TSLA,Mar-15-21,11:04PM,NTSB sends team to Detroit to investigate violent Tesla crash,0.452,0.548,0.0,-0.765
TSLA,Mar-15-21,08:56PM,Tesla Faces Yet Another NHTSA Probe Over 'Violent Crash' In Detroit,0.423,0.577,0.0,-0.765
TSLA,Mar-15-21,08:54PM,UPDATE 2-U.S. safety agency probes 'violent' Tesla crash in Detroit,0.2,0.593,0.207,0.0258
TSLA,Mar-15-21,06:46PM,U.S. safety agency probes 'violent' Tesla crash in Detroit,0.216,0.56,0.224,0.0258
TSLA,Mar-15-21,05:56PM,Elon Musk's Tweet About Selling NFTs Song As NFT Gets $100000 Bid,0.0,1.0,0.0,0.0
TSLA,Mar-15-21,05:08PM,Tesla Model 3 Surpasses VW ID.3 In Germany Becomes Country's No. 2 EV Bestseller In February,0.145,0.855,0.0,-0.296
PLTR,Mar-18-21,09:38AM,Analyzing Palantir Technologies's Unusual Options Activity,0.0,1.0,0.0,0.0
PLTR,Mar-18-21,09:35AM,Why Wait for a Crash to Buy? These 3 Top Stocks Are Already Down More Than 40%,0.154,0.743,0.103,-0.2263
PLTR,Mar-17-21,08:46PM,Here's Why Palantir Is a Must-Have Stock for Long Term Investors,0.0,1.0,0.0,0.0
PLTR,Mar-17-21,11:31AM,Coinbase Backers Register 114.9 Million Shares for Listing,0.0,0.761,0.239,0.296
PLTR,Mar-17-21,07:40AM,Thinking About Buying Stock In Kodak Palantir GE Or Plug Power?,0.0,1.0,0.0,0.0
PLTR,Mar-16-21,05:58PM,'Halftime Report' Traders Weigh In On CrowdStrike Palantir And More,0.0,1.0,0.0,0.0
PLTR,Mar-12-21,10:30AM,Palantir And BlackBerry: 2 Disruptors Trying To Power All Things,0.0,1.0,0.0,0.0
PLTR,Mar-12-21,08:52AM,"Why These 3 Growing Companies Are Better Buys After the Tech Stock ""Crash""",0.0,0.685,0.315,0.5574
PLTR,Mar-11-21,02:56PM,NYSE Vice Chair: There is a strong pipeline of companies to come in the year ahead,0.0,0.809,0.191,0.5106
PLTR,Mar-11-21,09:10AM,Palantir Strikes Long-Term Partnership With French Automotive Supplier Faurecia: What You Need To Know,0.161,0.839,0.0,-0.3612
PLTR,Mar-11-21,06:59AM,Palantir and Faurecia Embark on Long-Term Strategic Partnership,0.0,1.0,0.0,0.0
PLTR,Mar-10-21,09:31AM,What Is Roblox Worth? Maybe $29.3 Billion.,0.0,0.759,0.241,0.2263
PLTR,Mar-10-21,07:43AM,5 Stocks To Buy in the March Market Crash,0.278,0.722,0.0,-0.4019
PLTR,Mar-09-21,05:48PM,Roblox Direct Listing Reference Price Is Set at $45,0.0,1.0,0.0,0.0
PLTR,Mar-09-21,09:57AM,What comes next for these fallen high flying tech stocks,0.217,0.783,0.0,-0.3612
PLTR,Mar-09-21,09:43AM,Understanding Palantir Technologies's Unusual Options Activity,0.0,1.0,0.0,0.0
PLTR,Mar-09-21,09:29AM,Rotation trades will be the hardest for investors to figure out: strategist,0.0,1.0,0.0,0.0
PLTR,Mar-09-21,09:23AM,The market's re-opening trade rotation continues: Morning Brief,0.0,1.0,0.0,0.0
PLTR,Mar-09-21,06:45AM,"Palantir Announces ""Double Click"" Demo Event on April 14 2021",0.0,1.0,0.0,0.0
PLTR,Mar-08-21,09:40AM,I Wouldn't Be Surprised if Palantir Technologies Worked Lower in the Weeks Ahead,0.279,0.721,0.0,-0.434
PLTR,Mar-08-21,08:50AM,Implied Volatility Surging for Palantir Technologies (PLTR) Stock Options,0.0,1.0,0.0,0.0
PLTR,Mar-08-21,04:01AM,Morning Bell With Jim Cramer: When to Buy Costco,0.0,1.0,0.0,0.0
PLTR,Mar-07-21,05:27PM,Cramer Gives His Opinion On United Microelectronics Palantir And More,0.0,0.763,0.237,0.4215
PLTR,Mar-05-21,03:50PM,Palantir And AWS Team Up For ERP Suite,0.0,1.0,0.0,0.0
PLTR,Mar-05-21,10:02AM,Instacart may opt for a direct listing rather than a traditional IPO: report,0.0,1.0,0.0,0.0
PLTR,Mar-05-21,08:29AM,Meet Alteryx A Big Data Analytics Competitor To Palantir,0.0,1.0,0.0,0.0
PLTR,Mar-05-21,05:00AM,Jim Cramer on Jobs Report Broadcom Costco Palantir Cathie Wood Stock Market Friday,0.0,1.0,0.0,0.0
PLTR,Mar-04-21,08:56AM,Palantir Rises on Latest Ark Investment Stock Purchase,0.0,1.0,0.0,0.0
PLTR,Mar-04-21,08:27AM,Mike Khouw Sees Unusual Options Activity In Palantir,0.0,1.0,0.0,0.0
PLTR,Mar-04-21,06:00AM,Suze Orman: the Gamestop frenzy was crazy,0.485,0.515,0.0,-0.5719
PLTR,Mar-03-21,02:36AM,How Much Of Palantir Technologies Inc. (NYSE:PLTR) Do Insiders Own?,0.0,1.0,0.0,0.0
PLTR,Mar-03-21,12:44AM,Rocket Companies Overtakes GameStop Palantir As WallStreetBets' Top Interest,0.0,0.593,0.407,0.5859
PLTR,Mar-02-21,03:13PM,A little commodity explosion is to be expected: Sarge986 LLC President,0.0,1.0,0.0,0.0
PLTR,Mar-02-21,10:43AM,Why Palantir Technologies Stock Dropped in February,0.0,1.0,0.0,0.0
PLTR,Mar-01-21,10:33AM,Analyzing Palantir Technologies's Unusual Options Activity,0.0,1.0,0.0,0.0
PLTR,Mar-01-21,10:27AM,Palantir stock bounces after last week's record selloff,0.0,1.0,0.0,0.0
PLTR,Mar-01-21,06:36AM,5 Tech Stocks Billionaires Can't Stop Buying,0.0,0.726,0.274,0.2235
PLTR,Feb-27-21,08:28PM,Tech: 3 Monster Earnings Reports,0.0,1.0,0.0,0.0
PLTR,Feb-27-21,02:46PM,Cathie Wood's Ark Invest Added Shares Of Palantir Twitter And Sold Apple Facebook On Friday,0.0,0.864,0.136,0.296
PLTR,Feb-26-21,04:46PM,MoneyLine Podcast: Some of The Best Stock Ideas Youll Hear About ,0.0,0.704,0.296,0.6369
PLTR,Feb-26-21,01:45PM,Palantir: The Sell-Off Is Not Over,0.0,1.0,0.0,0.0
PLTR,Feb-26-21,01:23PM,Palantir Insiders Sell Another $18.5 Million of Stock,0.0,1.0,0.0,0.0
PLTR,Feb-26-21,12:51PM,Palantir's stock set to suffer the biggest weekly selloff since going public,0.241,0.759,0.0,-0.5423
PLTR,Feb-26-21,11:29AM,C3.ai Has Great Pedigree and Is Set for Better Days,0.0,0.533,0.467,0.7906
PLTR,Feb-25-21,08:51PM,Coinbase Could Go Public as Soon as March,0.0,1.0,0.0,0.0
PLTR,Feb-24-21,04:19PM,Palantir COO Sankar Discloses $21.5 Million in Stock Sales,0.0,1.0,0.0,0.0
PLTR,Feb-24-21,11:16AM,Palantir Joins Forces With 3M,0.0,1.0,0.0,0.0
PLTR,Feb-24-21,10:08AM,2 Hot Growth Stocks to Buy Right Now,0.0,0.698,0.302,0.3818
PLTR,Feb-23-21,05:30PM,Steven Cohen's Top 4th-Quarter Trades,0.0,0.69,0.31,0.2023
PLTR,Feb-23-21,01:27PM,N95 Mask Producer 3M Expands Use Of Palantir's Foundry Platform To Help With Supply Chain Demand,0.081,0.699,0.22,0.3818
PLTR,Feb-23-21,11:29AM,Palantir Stock Sells Off as Three Execs Unload 2.7 Million Shares,0.0,0.82,0.18,0.296
PLTR,Feb-23-21,10:54AM,Palantir co-founder Stephen Cohen makes over $50 million from stock trades,0.0,1.0,0.0,0.0
PLTR,Feb-23-21,10:00AM,Palantir Stock Under Pressure as Insiders Sell Shares,0.212,0.577,0.212,0.0
PLTR,Feb-23-21,09:25AM,3M Expands Partnership With Palantir,0.0,0.741,0.259,0.1027
PLTR,Feb-23-21,09:01AM,Cathie Wood Couldn't Stop Buying These 3 Stocks for ARK Invest Last Week,0.0,0.854,0.146,0.2235
PLTR,Feb-23-21,06:59AM,Palantir and 3M Expand Relationship to Build Dynamic Supply Chain,0.0,0.62,0.38,0.5994
PLTR,Feb-23-21,04:24AM,Top Palantir Execs Sell More Than 2.2 Million Net Shares; Stock Falls,0.0,0.714,0.286,0.4588
PLTR,Feb-23-21,03:34AM,George Soros Top 10 Stock Picks,0.0,0.735,0.265,0.2023
PLTR,Feb-22-21,06:26PM,Roblox Sets Date to Go Public Through a Direct Listing,0.0,1.0,0.0,0.0
PLTR,Feb-22-21,12:24PM,Palantir co-founder still bullish on Texas despite power failure,0.0,0.748,0.252,0.4023
PLTR,Feb-22-21,09:38AM,Unusual Options Activity Insight: Palantir Technologies,0.0,1.0,0.0,0.0
PLTR,Feb-22-21,05:50AM,5 Growth Stocks Billionaires Can't Stop Buying,0.0,0.471,0.529,0.5405
PLTR,Feb-21-21,07:00PM,Palantir: unlocked and almost loaded,0.0,1.0,0.0,0.0
PLTR,Feb-19-21,07:59PM,Tech Valuations Are Getting Scary. Heres How We Know.,0.286,0.714,0.0,-0.4939
PLTR,Feb-19-21,04:35PM,Stock Market Rally Resilient But Growth Nicked; Bitcoin Soars Twilio Palantir Mosaic Walmart Key Earnings Movers,0.0,0.852,0.148,0.3818
PLTR,Feb-19-21,02:41PM,Why Palantir Stock Soared Today,0.0,1.0,0.0,0.0
PLTR,Feb-19-21,01:13PM,Palantir Is Risky After Revenue Outlook Disappoints,0.468,0.532,0.0,-0.5267
PLTR,Feb-19-21,12:29PM,PreMarket Prep Stock Of The Day: Palantir,0.0,1.0,0.0,0.0
PLTR,Feb-19-21,12:28PM,Palantir Stock Rebounds Sharply on Huge Volume After Six-Day Selloff,0.0,0.796,0.204,0.3182
PLTR,Feb-19-21,09:02AM,Palantir's stock bounces sharply is set to snap a 6-day losing streak,0.206,0.794,0.0,-0.3818
PLTR,Feb-19-21,08:29AM,Palantir Jumps After Cathie Wood's Ark Firms Take Stake,0.0,1.0,0.0,0.0
PLTR,Feb-19-21,08:00AM,5 Reasons to Buy Palantir After Its Post-Earnings Plunge,0.0,1.0,0.0,0.0
PLTR,Feb-19-21,03:43AM,Palantir Replaces GameStop As WallStreetBets' Top Interest,0.0,0.51,0.49,0.5859
PLTR,Feb-19-21,02:41AM,Muted Hearing a Volume on Trading Volume Yellen Speaks Sizing Up Palantir,0.0,1.0,0.0,0.0
PLTR,Feb-18-21,06:17PM,Is Palantir Stock a Buy Right Now? This Is What You Need to Know,0.0,1.0,0.0,0.0
PLTR,Feb-18-21,05:28PM,Dow Jones Futures: Stress Test Your Portfolio; Apple Nio Flash Sell Signals; Roku Leads Earnings Movers,0.157,0.843,0.0,-0.4215
PLTR,Feb-18-21,02:25PM,Palantir Slides With Nearly All Shares Unlocked for Trading,0.0,0.784,0.216,0.296
PLTR,Feb-18-21,02:16PM,What Palantir's Lock-Up Period Expiration Means For Investors,0.0,1.0,0.0,0.0
PLTR,Feb-18-21,01:18PM,Palantir Partners With Akin Gump For Legal Digital Platform RegSpot,0.0,0.857,0.143,0.128
PLTR,Feb-18-21,11:13AM,Palantir stock drops toward record 6-day losing streak as lockup expires,0.206,0.794,0.0,-0.3818
PLTR,Feb-18-21,08:19AM,Palantir Is a Buy! Palantir Is a Sell! Why Wall Street Is Split.,0.0,1.0,0.0,0.0
PLTR,Feb-18-21,07:09AM,Palantir Slips After IPO Lockup Shares Released,0.0,0.732,0.268,0.296
PLTR,Feb-18-21,06:59AM,Palantir and Akin Gump Collaborate on Legal Digital Service Platform,0.0,0.857,0.143,0.128
PLTR,Feb-18-21,04:15AM,Buy the Dip in Palantir? Check the PLTR Charts,0.0,1.0,0.0,0.0
PLTR,Feb-17-21,04:15PM,Palantir Stock Falls As 2021 Revenue Outlook Disappoints IPO Lock-Up To Expire,0.191,0.809,0.0,-0.3818
PLTR,Feb-17-21,12:02PM,4 Palantir Analysts Debate Data Analytics Company's Mixed Q4 Eye End Of Lockup Period,0.0,1.0,0.0,0.0
PLTR,Feb-17-21,10:12AM,Benzinga's Top Ratings Upgrades Downgrades For February 17 2021,0.0,0.816,0.184,0.2023
PLTR,Feb-17-21,08:45AM,Palantir's Earnings Were Impressive but the Stock Still Deserved to Fall,0.0,0.823,0.177,0.2846
PLTR,Feb-17-21,08:15AM,Palantir Gets Upgrade to Buy at Goldman on Sales Guidance,0.0,1.0,0.0,0.0
PLTR,Feb-17-21,03:02AM,Bitcoin Stampede Buying Gold and Silver Buffett's Stock Moves Palantir,0.237,0.763,0.0,-0.4215
PLTR,Feb-16-21,04:26PM,Dow Jones Hits Another All-Time High Led By Salesforce Stock JPMorgan; Palantir Slammed On Earnings,0.0,1.0,0.0,0.0
PLTR,Feb-16-21,03:07PM,Dow Rallies As Bulls Battle Bears; Boeing Stock Makes Key Move; Bitcoin Play Pares Gains,0.134,0.619,0.247,0.296
PLTR,Feb-16-21,01:49PM,Dow Jones Holds Gain After New High While Nasdaq Fades; Bitcoin Breaks Above $50000,0.0,0.793,0.207,0.5267
PLTR,Feb-16-21,01:30PM,Palantir Technologies Inc. (PLTR) Q4 2020 Earnings Call Transcript,0.0,1.0,0.0,0.0
PLTR,Feb-16-21,12:02PM,Dow Reverses Lower As Bitcoin Jumps Above $50000; Hot IPO Palantir Dives On Earnings,0.145,0.855,0.0,-0.296
PLTR,Feb-16-21,11:41AM,Big data firm Palantir signals slower annual revenue growth shares fall,0.0,0.652,0.348,0.5859
PLTR,Feb-16-21,11:40AM,Palantir (PLTR) Tests Support After Surprise Q4 Loss,0.19,0.413,0.397,0.3612
PLTR,Feb-16-21,11:12AM,Palantir Reports Meager Corporate Growth Lackluster Forecast,0.0,0.698,0.302,0.3818
PLTR,Feb-16-21,11:00AM,Palantir Posts Loss Forecasts Rapid Growth in 2021 and Beyond,0.178,0.62,0.202,0.0772
PLTR,Feb-16-21,10:33AM,Why Palantir Technologies Stock Is Falling Today,0.211,0.789,0.0,-0.1531
SQ,Mar-19-21,06:25AM,3 Unstoppable Stocks I Can't Wait to Buy in the Next Stock Market Crash,0.31,0.69,0.0,-0.5423
SQ,Mar-19-21,01:15AM,Analyst Makes Bull Case For Square Based On Music Potential,0.0,1.0,0.0,0.0
SQ,Mar-18-21,01:05PM,Cash App Is Giving Away $1M In Bitcoin: What You Need To Know,0.0,0.833,0.167,0.34
SQ,Mar-18-21,11:43AM,Here's My Best Fintech Stock to Own Now,0.0,0.625,0.375,0.6369
SQ,Mar-18-21,11:42AM,Buy Square Stock Analyst Says. Its Tidal Deal Will Make It a Music Business Player.,0.0,1.0,0.0,0.0
SQ,Mar-18-21,11:20AM,SQ Stock: Bullish Option Trade With 26% Return Potential,0.0,1.0,0.0,0.0
SQ,Mar-18-21,10:08AM,3 Growth Stocks I Just Bought in the Dip -- Should You?,0.0,0.776,0.224,0.3818
SQ,Mar-18-21,09:30AM,Why Bitcoin Investors Should Consider Buying Square Stock,0.0,1.0,0.0,0.0
SQ,Mar-17-21,12:47PM,Popular payment platforms see rise in hacks,0.0,0.682,0.318,0.4215
SQ,Mar-17-21,11:04AM,Bitcoins Not Really an Inflation Hedge Bank of America Says,0.0,1.0,0.0,0.0
SQ,Mar-17-21,07:43AM,1 Thing You Should Know Before You Buy Square,0.0,1.0,0.0,0.0
SQ,Mar-17-21,07:23AM,Forget Day Trading! Buy and Hold These 3 Stocks,0.238,0.762,0.0,-0.2942
SQ,Mar-16-21,03:18PM,Stimulus Checks Are Going Out. Some Consumers Might Skip the Mall and Invest Instead.,0.0,1.0,0.0,0.0
SQ,Mar-16-21,10:26AM,Is Square (SQ) Stock A Buy Or Sell?,0.0,1.0,0.0,0.0
SQ,Mar-16-21,08:36AM,The Zacks Analyst Blog Highlights: Microsoft Caterpillar Target Square and Freeport-McMoRan,0.0,1.0,0.0,0.0
SQ,Mar-16-21,06:09AM,After One Year of COVID-19 New Square Data Reveals the Share of Cashless Businesses Has More Than Doubled,0.0,0.885,0.115,0.296
SQ,Mar-16-21,05:05AM,3 Growth Stocks to Buy and Hold for the Next 10 Years,0.0,0.794,0.206,0.3818
SQ,Mar-15-21,04:07PM,SQ Stock ETSY CROX Lead 16 Stocks Expecting Up To 900% Q1 Growth,0.0,0.822,0.178,0.3818
SQ,Mar-15-21,01:05PM,Bitcoin Falls After Weekend Rally Pushes Token to Fresh Record,0.0,0.796,0.204,0.3182
SQ,Mar-15-21,11:15AM,Stripe now valued at $95 billion after raising $600 million,0.0,0.756,0.244,0.4404
SQ,Mar-15-21,10:00AM,Is Square Stock A Buy? Cash App Growth Bitcoin Outlook Vs. Merchant Exposure,0.0,0.809,0.191,0.3818
SQ,Mar-15-21,09:10AM,Nearly 10% of the $380 billion in stimulus checks may be used to buy bitcoin and stocks: survey,0.0,1.0,0.0,0.0
SQ,Mar-15-21,05:51AM,5 Ultra-Popular Robinhood Stocks I'm Never Selling,0.0,1.0,0.0,0.0
SQ,Mar-14-21,10:58PM,Stripes Value Jumps to $95 Billion Becomes Top U.S. Startup,0.0,0.656,0.344,0.4939
SQ,Mar-14-21,08:44AM,Multiple Growth Catalysts Could Propel Square Forward In The Coming Years,0.0,0.794,0.206,0.3818
SQ,Mar-14-21,06:49AM,Robinhood Users Love These 2 Bank Stocks in 2021,0.0,0.625,0.375,0.6369
SQ,Mar-13-21,09:42AM,Should Jack Dorsey Be Running Twitter And Square At The Same Time?,0.0,1.0,0.0,0.0
SQ,Mar-13-21,07:51AM,These 3 Businesses Are Doing What Your Bank Used to Do,0.0,1.0,0.0,0.0
SQ,Mar-13-21,07:48AM,What Square's Banking Charter Means for Investors,0.0,1.0,0.0,0.0
SQ,Mar-13-21,07:12AM,Square's Shift in Its Seller Platform Is Driving Pandemic Growth,0.0,0.776,0.224,0.3818
SQ,Mar-13-21,06:33AM,If I Had $5000 This Is How I'd Invest It,0.0,1.0,0.0,0.0
SQ,Mar-13-21,06:06AM,4 Surefire Stocks That Can Make You a Millionaire,0.0,0.75,0.25,0.25
SQ,Mar-12-21,05:45PM,Square (SQ) Outpaces Stock Market Gains: What You Should Know,0.0,0.789,0.211,0.34
SQ,Mar-12-21,12:01PM,4 Great Growth Stocks That Could Double Your Investment,0.0,0.472,0.528,0.7717
SQ,Mar-12-21,07:30AM,"5 Top ""Winners Keep Winning"" Stocks",0.0,0.194,0.806,0.8074
SQ,Mar-12-21,06:55AM,Why I'm Excited to Buy These 2 Stocks if the Market Crashes,0.0,0.806,0.194,0.34
SQ,Mar-11-21,09:35PM,Square: TIDAL Acquisition a Smart Forward Thinking Move Says Analyst,0.0,0.748,0.252,0.4019
SQ,Mar-11-21,12:10PM,PayPal (PYPL) Boosts Cryptocurrency Initiatives With Curv Buyout,0.0,0.753,0.247,0.3182
SQ,Mar-11-21,12:10PM,What is an NFT? A Beeple NFT just sold on Christies for nearly $70 million highlighting craze for cryptos,0.086,0.914,0.0,-0.1531
SQ,Mar-11-21,09:57AM,Square Makes a Deal With Jay-Z and Okta Buys a Rival,0.0,1.0,0.0,0.0
SQ,Mar-11-21,09:56AM,3 Stocks With Notable Insider Transactions In March,0.0,1.0,0.0,0.0
SQ,Mar-11-21,07:15AM,Should You Invest in Crypto Stocks Right Now?,0.0,1.0,0.0,0.0
SQ,Mar-11-21,06:06AM,Got $10000? 4 Game-Changing Stocks to Buy Now and Never Sell,0.0,1.0,0.0,0.0
SQ,Mar-10-21,05:05PM,Top Of The Group Square Sees Its RS Rating Rise To 91,0.0,0.859,0.141,0.2023
SQ,Mar-10-21,11:59AM,Is GBTC Stock A Good Buy As Bitcoin Rebounds After Pullback?,0.0,0.756,0.244,0.4404
SQ,Mar-10-21,10:55AM,Square Sees Composite Rating Climb To 97,0.0,1.0,0.0,0.0
SQ,Mar-10-21,07:52AM,Why Twitter Not Square Should Have Bought Tidal,0.0,1.0,0.0,0.0
SQ,Mar-09-21,05:55PM,Why Shares of Apple Facebook Square and Other Growth Stocks Popped Today,0.0,0.676,0.324,0.5859
SQ,Mar-09-21,04:36PM,Why Cathie Wood's 3 Stock Favorites Got a Big Boost From the Market Tuesday,0.0,0.645,0.355,0.6705
SQ,Mar-09-21,04:26PM,Earnings Season Continues: Airbnb Home Depot Beyond Meat and More,0.0,1.0,0.0,0.0
SQ,Mar-09-21,04:07PM,Obviously we had no idea it was going to get here say the guys who made the first NFT,0.109,0.891,0.0,-0.296
SQ,Mar-09-21,04:00PM,Square Publishes 2020 Corporate Social Responsibility Report,0.0,1.0,0.0,0.0
SQ,Mar-09-21,03:52PM,JPMorgan to shutter Chase Pay at the end of March,0.135,0.865,0.0,-0.1027
SQ,Mar-09-21,08:20AM,3 Millennial-Focused Stocks Poised for a Bull Run,0.0,0.714,0.286,0.25
SQ,Mar-09-21,07:36AM,3 Monster Stocks in the Making,0.0,1.0,0.0,0.0
SQ,Mar-08-21,09:43PM,Why Zoom Square DocuSign and Other Coronavirus Stocks Crashed Today,0.0,1.0,0.0,0.0
SQ,Mar-08-21,04:37PM,PayPal Stock: Cryptocurrency Revenue Impact Still Small In 2021 Says Analyst,0.0,1.0,0.0,0.0
SQ,Mar-08-21,12:44PM,Square (SQ) to Enter Music-Streaming Space With Tidal Buyout,0.0,1.0,0.0,0.0
SQ,Mar-08-21,10:11AM,Square Just Bought Tidal for $300 Million. Here's Why,0.0,1.0,0.0,0.0
SQ,Mar-08-21,01:00AM,REFILE-EXPLAINER -Bitcoin on your balance sheet? Here's what you need to know,0.0,1.0,0.0,0.0
SQ,Mar-06-21,01:42PM,Cathie Wood: Fintech Is One Of The 'Most Misunderstood' Technology Platforms,0.212,0.788,0.0,-0.4005
SQ,Mar-06-21,09:26AM,Cathie Woods Top 10 Stock Picks,0.0,0.735,0.265,0.2023
SQ,Mar-06-21,06:36AM,Turn Your $1400 Stimulus Check Into $10000 This Decade With These High-Powered Stocks,0.0,1.0,0.0,0.0
SQ,Mar-05-21,07:35PM,Walmart Has Over 200 Million Visits to Its Stores Weekly. Why Not Become a Fintech?,0.0,1.0,0.0,0.0
SQ,Mar-05-21,03:59PM,Fear Not Buying These 3 Oversold Stocks Today,0.348,0.652,0.0,-0.4939
SQ,Mar-05-21,02:18PM,Square Is Joining Forces With Jay-Z in Music Streaming. Wall Street Isnt Impressed.,0.175,0.825,0.0,-0.3724
SQ,Mar-05-21,02:17PM,Why Square Roku Teladoc and Shopify All Dropped on Friday,0.0,1.0,0.0,0.0
SQ,Mar-05-21,12:32PM,Ethereum Is Chasing Stardom and Its Worth Consideration,0.0,0.787,0.213,0.2263
SQ,Mar-05-21,12:31PM,Positive Outlook Makes Foley Trasimene Acquisition II Shares a Buy,0.0,0.547,0.453,0.7003
SQ,Mar-05-21,06:08AM,2 High-Growth ETFs That Should Make You Rich Over the Next 10 Years,0.0,0.753,0.247,0.5574
SQ,Mar-05-21,06:00AM,Why Suze Orman says she 'loves Bitcoin',0.0,0.619,0.381,0.5719
SQ,Mar-05-21,05:51AM,These Companies Have Collectively Bought $3.9 Billion Worth of Bitcoin,0.0,0.826,0.174,0.2263
SQ,Mar-04-21,09:49PM,How Square's Purchase of Jay Z's Tidal Could Popularize Blockchain,0.0,0.796,0.204,0.3182
SQ,Mar-04-21,07:00PM,Jack and Jay-Z mix business with friendship,0.0,0.674,0.326,0.4404
SQ,Mar-04-21,04:26PM,Cathie Woods Flagship Ark Innovation ETF Erases All 2021 Gains,0.0,0.522,0.478,0.6597
SQ,Mar-04-21,04:18PM,Square Stock Drops After It Agrees To Buy Jay-Z's Tidal Music Service,0.0,0.859,0.141,0.2023
SQ,Mar-04-21,03:18PM,Why Square Stock Fell Today,0.0,1.0,0.0,0.0
SQ,Mar-04-21,01:56PM,Why Cathy Wood's once hot Ark Innovation ETF has lost all its 2021 gains,0.126,0.601,0.273,0.4019
SQ,Mar-04-21,01:04PM,Bitcoin Is Hitting the Mainstream Even as Its Environmental Toll Mounts,0.0,1.0,0.0,0.0
SQ,Mar-04-21,11:38AM,Square buys Tidal for $297 million Jay-Z joins board,0.0,1.0,0.0,0.0
SQ,Mar-04-21,11:00AM,Cryptocurrency Gains Mask Square's Slowing Growth,0.0,0.444,0.556,0.6124
SQ,Mar-04-21,10:29AM,Square Buys Majority Ownership In Streaming Music Platform Tidal,0.0,1.0,0.0,0.0
SQ,Mar-04-21,10:00AM,Square's New Most Important Product,0.0,0.656,0.344,0.2716
SQ,Mar-04-21,09:20AM,Square Is Buying Music Platform TIDAL and Jay-Z Is Joining Square's Board,0.0,1.0,0.0,0.0
SQ,Mar-04-21,09:18AM,Jack Dorseys cash app Square buys most of Jay-Zs Tidal streaming service,0.0,1.0,0.0,0.0
SQ,Mar-04-21,08:44AM,UPDATE 2-Square's $297 mln deal for Jay Z's music service Tidal may bring blockchain to masses,0.0,1.0,0.0,0.0
SQ,Mar-04-21,08:36AM,Square to take majority stake in Tidal streaming service,0.0,1.0,0.0,0.0
SQ,Mar-04-21,08:19AM,Jack Dorseys Square to Acquire Jay-Zs Tidal Streaming Service for $297 Million,0.0,1.0,0.0,0.0
SQ,Mar-04-21,08:13AM,Square Just Opened a Bank -- What Does this Mean for its Stock?,0.0,1.0,0.0,0.0
SQ,Mar-04-21,08:00AM,Square Inc. Announces Plans to Acquire Majority Ownership Stake in Tidal,0.0,1.0,0.0,0.0
SQ,Mar-04-21,07:00AM,Square for Restaurants Launches in Canada to Help Recovering Industry,0.0,0.769,0.231,0.4019
SQ,Mar-04-21,04:40AM,Square to Acquire Stake in Music Platform Tidal; Jay-Z to Join Board,0.0,0.833,0.167,0.296
SQ,Mar-03-21,08:19PM,ARKs Red-Hot ETF Fell 20% in 12 Days. The Pain for Tech Stocks Might Just Be Beginning.,0.171,0.829,0.0,-0.5106
SQ,Mar-03-21,04:12PM,Why Square Stock Is Giving Away Gains From Yesterday,0.0,0.593,0.407,0.5859
SQ,Mar-03-21,10:31AM,Square's $170 Million Bitcoin Bet Isn't a Big Deal,0.0,1.0,0.0,0.0
SQ,Mar-03-21,10:16AM,Dow Reverses Tech Stocks Sell Off As Jobs Data Disappoints; Bitcoin Surges Above $52000,0.167,0.833,0.0,-0.3818
SQ,Mar-03-21,09:16AM,Can Square Be a Great Growth Stock?,0.0,0.374,0.626,0.7717
SQ,Mar-03-21,06:47AM,A High-Potential Basket of Small Bank Stocks,0.0,1.0,0.0,0.0
SQ,Mar-02-21,04:36PM,Fidelitys Trading Volume  Surged in the Pandemic but Its Struggling to Boost Revenue,0.203,0.603,0.195,-0.0387
SQ,Mar-02-21,03:27PM,Is It Time to Buy Square and Lowe's Stock After Earnings?,0.0,1.0,0.0,0.0
SPLK,Mar-18-21,01:36PM,Should You Buy Splunk (SPLK) Stock Before Its Too Late?,0.0,1.0,0.0,0.0
SPLK,Mar-18-21,12:36PM,RBC Sees 40%-Plus Upside in These 3 Stocks,0.0,1.0,0.0,0.0
SPLK,Mar-15-21,07:15AM,NASDAQ: SPLK Investor Notice: Lawsuit against Splunk Inc. announced by Shareholders Foundation,0.147,0.853,0.0,-0.2263
SPLK,Mar-12-21,06:07AM,Here's How to Play Splunk Right Now,0.0,0.714,0.286,0.34
SPLK,Mar-10-21,08:00AM,Splunk Cloud Helps University of Illinois Urbana-Champaign Protect Students and Faculty From COVID-19,0.0,0.679,0.321,0.6369
SPLK,Mar-09-21,08:00AM,Is Splunk Stock a Buy?,0.0,1.0,0.0,0.0
SPLK,Mar-06-21,08:24AM,Splunk Stock Is a Bargain After Fourth-Quarter Earnings,0.0,0.769,0.231,0.2023
SPLK,Mar-05-21,10:27AM,Splunk CEO: Cloud spending numbers are consistently up the last year,0.0,1.0,0.0,0.0
SPLK,Mar-05-21,08:00AM,Splunk Vice President of Americas & Public Sector Frank Dimina Named a 2021 FCW Federal 100 Award Winner,0.0,0.657,0.343,0.8074
SPLK,Mar-05-21,04:16AM,Splunk Has Further to Fall,0.0,1.0,0.0,0.0
SPLK,Mar-04-21,05:08PM,Splunk Stock Is Rallying Because Earnings Crushed Estimates,0.286,0.714,0.0,-0.4215
SPLK,Mar-04-21,09:40AM,Splunk (SPLK) Surpasses Q4 Earnings & Revenue Estimates,0.0,1.0,0.0,0.0
SPLK,Mar-04-21,08:00AM,Splunk Named Cloud Observability Leader and Only Outperformer,0.0,1.0,0.0,0.0
SPLK,Mar-04-21,04:06AM,Splunks 4Q Results Top Wall Street Estimates; Shares Jump 5.1%,0.305,0.442,0.253,-0.4278
SPLK,Mar-04-21,03:37AM,Premarket Movers Thursday - Vroom Marvell Okta Splunk Burlington,0.0,1.0,0.0,0.0
SPLK,Mar-03-21,10:30PM,Splunk (SPLK) Q4 2021 Earnings Call Transcript,0.0,1.0,0.0,0.0
SPLK,Mar-03-21,05:37PM,Splunk Fourth-Quarter Earnings Revenue Smash Estimates,0.0,1.0,0.0,0.0
SPLK,Mar-03-21,05:35PM,Splunk (SPLK) Beats Q4 Earnings and Revenue Estimates,0.0,1.0,0.0,0.0
SPLK,Mar-03-21,05:19PM,Dow Jones Futures: Why The Market Rally Is Only 'Mostly Dead'; Boeing Leads As Amazon Zoom Teladoc Break Long-Term Support,0.0,0.804,0.196,0.5267
SPLK,Mar-03-21,05:01PM,Splunk Gains After Big Revenue Beat Overshadows Sales Outlook,0.0,0.769,0.231,0.34
SPLK,Mar-03-21,04:22PM,Splunk: Q4 Earnings Insights,0.0,1.0,0.0,0.0
SPLK,Mar-03-21,04:06PM,Splunk shares rise 6% on better-than-expected Q4 sales,0.0,0.761,0.239,0.296
SPLK,Mar-03-21,04:02PM,Splunk Inc. Announces Fiscal Fourth Quarter and Full Year 2021 Financial Results,0.0,1.0,0.0,0.0
SPLK,Mar-03-21,02:30PM,Splunk Inc. to Host Earnings Call,0.0,1.0,0.0,0.0
SPLK,Mar-03-21,12:44PM,Splunk Reports Stronger-Than-Expected Earnings,0.0,1.0,0.0,0.0
SPLK,Mar-03-21,05:52AM,Splunk May Be Ready For A Bounce Despite Its Recent Slide,0.0,0.783,0.217,0.3612
SPLK,Mar-02-21,08:05AM,Lawsuit for Investors in shares of Splunk Inc. (NASDAQ: SPLK) announced by Shareholders Foundation,0.118,0.745,0.137,0.0772
SPLK,Mar-01-21,10:55AM,Factors Setting the Tone for Splunk's (SPLK) Q4 Earnings,0.0,1.0,0.0,0.0
SPLK,Feb-25-21,08:00AM,Splunk to Present at Upcoming Investor Events,0.0,1.0,0.0,0.0
SPLK,Feb-24-21,08:20AM,Did You Acquire Splunk (SPLK) Before October 21 2020?  Johnson Fistel Investigates Splunk; Should Management be Held Accountable for Investors Losses?,0.133,0.867,0.0,-0.4696
SPLK,Feb-17-21,07:26PM,Shareholder Alert: Robbins LLP is Investigating Splunk Inc. (SPLK) on Behalf of Shareholders,0.0,0.845,0.155,0.296
SPLK,Feb-16-21,07:10PM,Moore Kuehn Encourages Investors of TSN SPLK or CLOV to Contact Law Firm,0.0,0.805,0.195,0.4404
SPLK,Feb-11-21,05:50PM,Splunk (SPLK) Outpaces Stock Market Gains: What You Should Know,0.0,0.789,0.211,0.34
SPLK,Feb-11-21,04:02AM,15 Fastest-Growing Software Companies,0.0,1.0,0.0,0.0
SPLK,Feb-09-21,05:42AM,Splunk (SPLK) Has Spooked Investors But Blue Hawk Remains Bullish: Heres Why,0.0,1.0,0.0,0.0
SPLK,Feb-08-21,08:00AM,McLaren Racing and Splunk Announce Multi-Year Formula 1 Partnership Extension,0.0,1.0,0.0,0.0
SPLK,Feb-05-21,05:50PM,Splunk (SPLK) Stock Sinks As Market Gains: What You Should Know,0.0,0.806,0.194,0.34
SPLK,Feb-04-21,11:40AM,IMPORTANT FILING DEADLINE:  February 2 2021 Important Filing Deadline in Splunk Investor Class Action - Contact Labaton Sucharow LLP,0.0,0.787,0.213,0.516
SPLK,Feb-04-21,08:00AM,Splunk to Announce Fiscal 2021 Fourth Quarter and Full Year Results on March 3 2021,0.0,1.0,0.0,0.0
SPLK,Feb-03-21,09:30AM,IMPORTANT FILING DEADLINE:  February 2 2021 Important Filing Deadline in Splunk Investor Class Action - Contact Labaton Sucharow LLP,0.0,0.787,0.213,0.516
SPLK,Feb-02-21,04:29PM,SHAREHOLDER ALERT: Levi & Korsinsky LLP Notifies Shareholders of Splunk Inc. of a Class Action Lawsuit and a Lead Plaintiff Deadline of February 2 2021 - SPLK,0.074,0.813,0.114,0.2577
SPLK,Feb-02-21,03:00PM,SPLK Deadline Alert: Bronstein Gewirtz & Grossman LLC Reminds Splunk Inc. Shareholders of Class Action and Lead Plaintiff Deadline: February 2 2021,0.0,0.901,0.099,0.296
SPLK,Feb-02-21,01:10PM,SHAREHOLDER ALERT: SPLK NAK CLSK: The Law Offices of Vincent Wong Reminds Investors of Important Class Action Deadlines,0.0,0.772,0.228,0.5766
SPLK,Feb-02-21,12:05PM,DEADLINE TODAY: The Schall Law Firm Announces the Filing of a Class Action Lawsuit Against Splunk Inc. and Encourages Investors with Losses to Contact the Firm,0.156,0.746,0.098,-0.1779
SPLK,Feb-02-21,11:30AM,The Gross Law Firm Announces Class Actions on Behalf of Shareholders of SPLK QS and BTBT,0.171,0.829,0.0,-0.4767
SPLK,Feb-02-21,10:00AM,SPLK Investor Alert: Bronstein Gewirtz & Grossman LLC Reminds Splunk Inc. Investors of Class Action and Lead Plaintiff Deadline: February 2 2021,0.0,0.901,0.099,0.296
SPLK,Feb-02-21,09:55AM,SPLK FILING DEADLINE TODAY: Bernstein Liebhard LLP Reminds Investors of the Deadline to File a Lead Plaintiff Motion In a Securities Class Action Lawsuit Against Splunk Inc.,0.07,0.849,0.081,0.0772
SPLK,Feb-02-21,09:15AM,IMPORTANT FILING DEADLINE:  February 2 2021 Important Filing Deadline in Splunk Investor Class Action - Contact Labaton Sucharow LLP,0.0,0.787,0.213,0.516
SPLK,Feb-02-21,09:06AM,DEADLINE TODAY: The Schall Law Firm Announces it is Investigating Claims Against Splunk Inc. and Encourages Investors with Losses of $100000 to Contact the Firm,0.094,0.804,0.101,0.0516
SPLK,Feb-02-21,08:45AM,SPLK Final Deadline Today: Rosen Leading Trial Attorneys Reminds Splunk Inc. Investors of Important February 2 Deadline in Securities Class Action - SPLK,0.0,0.826,0.174,0.4588
SPLK,Feb-02-21,01:50AM,SPLUNK 24 HOUR DEADLINE ALERT: FORMER LOUISIANA ATTORNEY GENERAL AND KAHN SWICK & FOTI LLC REMIND INVESTORS WITH LOSSES IN EXCESS OF $100000 of Deadline in Class Action Lawsuit Against Splunk Inc. - SPLK,0.143,0.778,0.079,-0.34
SPLK,Feb-01-21,11:45PM,The Klein Law Firm Reminds Investors of Class Actions on Behalf of Shareholders of SPLK TCDA and DECN,0.0,1.0,0.0,0.0
SPLK,Feb-01-21,09:36PM,SHAREHOLDER ALERT: Pomerantz Law Firm Investigates Claims On Behalf of Investors of Splunk Inc. - SPLK,0.0,0.827,0.173,0.4466
SPLK,Feb-01-21,03:31PM,SPLK ALERT: The Klein Law Firm Announces a Lead Plaintiff Deadline of February 2 2021 in the Class Action Filed on Behalf of Splunk Inc. Limited Shareholders,0.066,0.832,0.102,0.2577
SPLK,Feb-01-21,01:57PM,KESSLER TOPAZ MELTZER & CHECK LLP: Final Deadline Reminder for SPLUNK INC. Investors  SPLK,0.0,1.0,0.0,0.0
SPLK,Feb-01-21,01:00PM,LAWSUITS FILED AGAINST SPLK PEN and JFU - Jakubowitz Law Pursues Shareholders Claims,0.175,0.825,0.0,-0.3254
SPLK,Feb-01-21,12:20PM,FINAL DEADLINE TOMORROW: The Schall Law Firm Announces the Filing of a Class Action Lawsuit Against Splunk Inc. and Encourages Investors with Losses to Contact the Firm,0.151,0.754,0.095,-0.1779
SPLK,Feb-01-21,11:17AM,SHAREHOLDER ALERT: Levi & Korsinsky LLP Notifies Shareholders of Splunk Inc. of a Class Action Lawsuit and a Lead Plaintiff Deadline of February 2 2021 - SPLK,0.074,0.813,0.114,0.2577
SPLK,Feb-01-21,11:00AM,SPLK Deadline Alert: Bronstein Gewirtz & Grossman LLC Reminds Splunk Inc. Shareholders of Class Action and Lead Plaintiff Deadline: February 2 2021,0.0,0.901,0.099,0.296
SPLK,Feb-01-21,09:46AM,SPLK FINAL DEADLINE TOMORROW: ROSEN NATIONAL TRIAL LAWYERS Reminds Splunk Inc. Investors of Important February 2 Deadline in Securities Class Action  SPLK,0.0,0.826,0.174,0.4588
SPLK,Feb-01-21,09:40AM,SPLUNK INVESTOR ALERT: Shareholder Lawsuit Filed,0.215,0.453,0.332,0.2577
SPLK,Feb-01-21,09:32AM,SPLK FILING DEADLINE TOMORROW: Bernstein Liebhard LLP Reminds Investors of the Deadline to File a Lead Plaintiff Motion In a Securities Class Action Lawsuit Against Splunk Inc.,0.07,0.849,0.081,0.0772
SPLK,Feb-01-21,09:04AM,DEADLINE TOMORROW: The Schall Law Firm Announces it is Investigating Claims Against Splunk Inc. and Encourages Investors with Losses of $100000 to Contact the Firm,0.094,0.804,0.101,0.0516
SPLK,Feb-01-21,07:30AM,CLASS ACTION UPDATE for SPLK GDRX and AZN: Levi & Korsinsky LLP Reminds Investors of Class Actions on Behalf of Shareholders,0.0,1.0,0.0,0.0
SPLK,Feb-01-21,06:20AM,SHAREHOLDER ALERT: SPLK KNDI QSR: The Law Offices of Vincent Wong Reminds Investors of Important Class Action Deadlines,0.0,0.772,0.228,0.5766
SPLK,Jan-31-21,11:00PM,FINAL DEADLINE TUESDAY: The Schall Law Firm Announces the Filing of a Class Action Lawsuit Against Splunk Inc. and Encourages Investors with Losses in Excess of $100000 to Contact the Firm,0.133,0.783,0.084,-0.1779
SPLK,Jan-31-21,10:50PM,SPLUNK 48 HOUR DEADLINE ALERT: Former Louisiana Attorney General and Kahn Swick & Foti LLC Remind Investors with Losses in Excess of $100000 of Deadline in Class Action Lawsuit Against Splunk Inc. - SPLK,0.126,0.794,0.08,-0.1697
SPLK,Jan-31-21,05:00AM,SHAREHOLDER ALERT: Pomerantz Law Firm Investigates Claims On Behalf of Investors of Splunk Inc. - SPLK,0.0,0.827,0.173,0.4466
SPLK,Jan-30-21,01:15PM,Breaking Notice: Rosen Trusted National Trial Counsel Encourages Splunk Inc. Investors with Large Losses to Secure Counsel Before Important Deadline - SPLK,0.093,0.554,0.353,0.7579
SPLK,Jan-30-21,11:45AM,FINAL DEADLINE NEXT WEEK: The Schall Law Firm Announces the Filing of a Class Action Lawsuit Against Splunk Inc. and Encourages Investors with Losses in Excess of $100000 to Contact the Firm,0.13,0.789,0.082,-0.1779
SPLK,Jan-30-21,09:21AM,INVESTOR REMINDER:  Kessler Topaz Meltzer & Check LLP Reminds Splunk Inc. Investors of February 2 2021 Deadline in Securities Fraud Class Action Lawsuit,0.212,0.706,0.082,-0.5423
SPLK,Jan-30-21,08:45AM,Got $5000? Here's 3 Stocks to Buy and Hold for the Long Term,0.0,1.0,0.0,0.0
SPLK,Jan-29-21,10:50PM,SPLUNK 96 HOUR DEADLINE ALERT: Former Louisiana Attorney General and Kahn Swick & Foti LLC Remind Investors with Losses in Excess of $100000 of Deadline in Class Action Lawsuit Against Splunk Inc. - SPLK,0.126,0.794,0.08,-0.1697
SPLK,Jan-29-21,09:00PM,DEADLINE ALERT: Bragar Eagel & Squire P.C. Reminds Investors That a Class Action Lawsuit Has Been Filed Against Splunk Inc. and Encourages Investors to Contact the Firm,0.064,0.74,0.196,0.6037
SPLK,Jan-29-21,05:00PM,Splunk Investor Alert: Class Action Lawsuit Filed,0.209,0.549,0.242,0.0772
SPLK,Jan-29-21,03:41PM,SPLK ALERT: The Klein Law Firm Announces a Lead Plaintiff Deadline of February 2 2021 in the Class Action Filed on Behalf of Splunk Inc. Limited Shareholders,0.066,0.832,0.102,0.2577
SPLK,Jan-29-21,02:16PM,FINAL DEADLINE REMINDER:  Kessler Topaz Meltzer & Check LLP Announces Deadline in Securities Fraud Class Action Lawsuit Filed Against Splunk Inc.,0.229,0.683,0.088,-0.5423
SPLK,Jan-29-21,01:30PM,IMPORTANT INVESTOR ALERT: The Schall Law Firm Announces the Filing of a Class Action Lawsuit Against Splunk Inc. and Encourages Investors with Losses in Excess of $100000 to Contact the Firm,0.121,0.658,0.22,0.5812
SPLK,Jan-29-21,12:32PM,SHAREHOLDER ALERT: Levi & Korsinsky LLP Notifies Shareholders of Splunk Inc. of a Class Action Lawsuit and a Lead Plaintiff Deadline of February 2 2021 - SPLK,0.074,0.813,0.114,0.2577
SPLK,Jan-29-21,12:14PM,3 SaaS Stocks to Consider as the Trend Heats Up,0.0,1.0,0.0,0.0
SPLK,Jan-29-21,11:00AM,The Law Offices of Frank R. Cruz Reminds Investors of Looming Deadline in the Class Action Lawsuit Against Splunk Inc. (SPLK),0.152,0.848,0.0,-0.34
SPLK,Jan-29-21,10:30AM,LAWSUITS FILED AGAINST SPLK SWI and GDRX - Jakubowitz Law Pursues Shareholders Claims,0.175,0.825,0.0,-0.3254
SPLK,Jan-29-21,10:00AM,SPLK Deadline Alert: Bronstein Gewirtz & Grossman LLC Reminds Splunk Inc. Shareholders of Class Action and Lead Plaintiff Deadline: February 2 2021,0.0,0.901,0.099,0.296
SPLK,Jan-29-21,09:54AM,TUESDAY DEADLINE ALERT: The Schall Law Firm Announces the Filing of a Class Action Lawsuit Against Splunk Inc. and Encourages Investors with Losses in Excess of $500000 to Contact the Firm,0.126,0.714,0.16,0.3034
SPLK,Jan-29-21,09:00AM,February 2 2021 Filing Deadline in Splunk Investor Class Action - Contact Lieff Cabraser,0.0,1.0,0.0,0.0
SPLK,Jan-29-21,06:30AM,CLASS ACTION UPDATE for SPLK NERV and OTGLY: Levi & Korsinsky LLP Reminds Investors of Class Actions on Behalf of Shareholders,0.0,1.0,0.0,0.0
SPLK,Jan-28-21,07:33PM,FINAL DEADLINE APPROACHING: Kessler Topaz Meltzer & Check LLP Announces February 2 2021 Deadline in Securities Fraud Class Action Lawsuit Filed Against Splunk Inc.,0.204,0.717,0.079,-0.5423
SPLK,Jan-28-21,07:00PM,SPLK INVESTOR ALERT: Class Action Lawsuit Filed,0.193,0.508,0.298,0.2577
SPLK,Jan-28-21,01:00PM,The Klein Law Firm Reminds Investors of Class Actions on Behalf of Shareholders of SPLK SWI and OTGLY,0.0,1.0,0.0,0.0
SPLK,Jan-28-21,12:45PM,IMPORTANT FILING DEADLINE:  February 2 2021 Important Filing Deadline in Splunk Investor Class Action - Contact Labaton Sucharow LLP,0.0,0.787,0.213,0.516
SPLK,Jan-28-21,12:00PM,Glancy Prongay & Murray LLP Reminds Investors of Looming Deadline in the Class Action Lawsuit Against Splunk Inc. (SPLK),0.175,0.825,0.0,-0.34
SPLK,Jan-28-21,08:00AM,Splunk Inc. Investors: Last Days to Participate Actively in the Class Action Lawsuit; Portnoy Law Firm,0.104,0.769,0.126,0.1027
SPLK,Jan-28-21,07:35AM,SHAREHOLDER ALERT: Levi & Korsinsky LLP Notifies Shareholders of Splunk Inc. of a Class Action Lawsuit and a Lead Plaintiff Deadline of February 2 2021 - SPLK,0.074,0.813,0.114,0.2577
SPLK,Jan-28-21,03:46AM,Should You Investigate Splunk Inc. (NASDAQ:SPLK) At US$169?,0.0,1.0,0.0,0.0
SPLK,Jan-27-21,11:04PM,SHAREHOLDER ALERT BY FORMER LOUISIANA ATTORNEY GENERAL: KSF REMINDS BSX SPLK INVESTORS of Lead Plaintiff Deadline in Class Action Lawsuits,0.071,0.799,0.13,0.3254
SPLK,Jan-27-21,08:15PM,The Gross Law Firm Announces Class Actions on Behalf of Shareholders of SPLK GDRX and TCDA,0.171,0.829,0.0,-0.4767
SPLK,Jan-27-21,07:17PM,LEAD PLAINTIFF DEADLINE: Johnson Fistel LLP Encourages Investors with Losses in Excess of $50000 to Contact the Firm,0.125,0.741,0.134,0.0516
SPLK,Jan-27-21,05:42PM,SPLK ALERT: The Klein Law Firm Announces a Lead Plaintiff Deadline of February 2 2021 in the Class Action Filed on Behalf of Splunk Inc. Limited Shareholders,0.066,0.832,0.102,0.2577
SPLK,Jan-27-21,04:15PM,IMPORTANT FILING DEADLINE: February 2 2021 Important Filing Deadline in Splunk Investor Class Action - Contact Labaton Sucharow LLP,0.0,0.787,0.213,0.516
SPLK,Jan-27-21,03:40PM,The Klein Law Firm Reminds Investors of Class Actions on Behalf of Shareholders of SPLK QIWI and BTBT,0.0,1.0,0.0,0.0
NIO,Mar-19-21,12:19PM,China restricting Tesla use uncovers a significant challenge for Elon Musk: expert,0.19,0.584,0.226,-0.128
TSLA,Mar-20-21,04:09PM,Cathie Wood Ark Funds Lay Out New $3000 Price Target For Tesla Shares: What Investors Should Know,0.0,0.879,0.121,0.296
TSLA,Mar-20-21,03:01PM,Cathie Woods Ark Has a New Price Target for Tesla: $3000,0.0,1.0,0.0,0.0
TSLA,Mar-20-21,01:17PM,Report: In Direct Challenge to Tesla Geely Planning Luxury Electric Vehicle Line,0.0,0.894,0.106,0.0772
TSLA,Mar-20-21,01:16PM,He began buying Tesla at just $7.50 and now hes retiring at 39 years old with $12 million worth  he still refuses to sell a single share,0.0,0.854,0.146,0.4767
TSLA,Mar-20-21,11:03AM,China Matters a Lot to Tesla. Thats Why Elon Musk Has Given Assurances About Its Data.,0.0,0.788,0.212,0.3612
TSLA,Mar-20-21,10:55AM,Musk Says Tesla Would Be 'Shut Down' If Its Cars Were Used To Spy In China,0.0,1.0,0.0,0.0
TSLA,Mar-20-21,10:37AM,Cathie Woods New Tesla Price Target Is Out. And Its a Doozy.,0.0,1.0,0.0,0.0
TSLA,Mar-20-21,10:03AM,Benzinga's Bulls And Bears Of The Week: Comcast Disney Nike Starbucks Tesla And More,0.0,1.0,0.0,0.0
TSLA,Mar-20-21,08:17AM,What it means if Cathie Wood is the face of the market,0.0,1.0,0.0,0.0
TSLA,Mar-20-21,08:00AM,Volkswagen Soared Thanks to Its Electric Vehicle Push. Who's Next?,0.0,0.756,0.244,0.4404
TSLA,Mar-20-21,12:29AM,UPDATE 2-Musk says Tesla would be shut down if its cars spied in China elsewhere,0.0,1.0,0.0,0.0
TSLA,Mar-20-21,12:01AM,Musk says Tesla would be shut down if its cars spied in China elsewhere,0.0,1.0,0.0,0.0
TSLA,Mar-19-21,11:57PM,Musk says Tesla would be shut down if its cars spied in China elsewhere,0.0,1.0,0.0,0.0
TSLA,Mar-19-21,05:45PM,Tesla (TSLA) Gains As Market Dips: What You Should Know,0.0,0.789,0.211,0.34
TSLA,Mar-19-21,04:37PM,Stock Market Stumbles As Treasury Yields Spike Amid Dovish Fed; VW Powers Up Vs. Tesla Airline Bookings Swell,0.0,0.904,0.096,0.2023
TSLA,Mar-19-21,04:11PM,China Sees Tesla As An Espionage Threat  Here's Why,0.298,0.702,0.0,-0.5267
TSLA,Mar-19-21,03:00PM,The Oil Price Rally Is Officially Over,0.0,1.0,0.0,0.0
TSLA,Mar-19-21,02:56PM,Chinese Military Restrictions Show Tesla Caught In Middle Of US China Relations: Wedbush,0.0,1.0,0.0,0.0
TSLA,Mar-19-21,02:00PM,If Electric Vehicles Take Over These Energy Stocks Will Be Big Winners,0.0,0.658,0.342,0.6369
TSLA,Mar-19-21,01:57PM,Zero-Emissions Vehicles Are Bringing Disruption to the $1.5 Trillion Trucking Market. Watch These Stocks Says UBS,0.143,0.857,0.0,-0.3612
TSLA,Mar-19-21,01:12PM,Getting technical: Don't buy Tesla 'on sale',0.0,1.0,0.0,0.0
TSLA,Mar-19-21,12:53PM,Copart Is a Totally Different Kind of Car Stock,0.0,1.0,0.0,0.0
TSLA,Mar-19-21,12:44PM,Stock market news live updates: Stocks mixed Nasdaq recovers losses after tech selloff but posts weekly loss,0.242,0.758,0.0,-0.5859
TSLA,Mar-19-21,12:19PM,China restricting Tesla use uncovers a significant challenge for Elon Musk: expert,0.19,0.584,0.226,-0.128
TSLA,Mar-19-21,12:16PM,Tesla bulls see glass half empty scenario as China reportedly restricts some vehicle use,0.255,0.745,0.0,-0.4767
TSLA,Mar-19-21,12:04PM,Tesla Stock Is Falling Again. Theres Too Much Going On.,0.151,0.849,0.0,-0.1531
TSLA,Mar-19-21,11:16AM,China Restricts Military State Personnel Use Of Teslas Over National Security Concerns: Report,0.146,0.701,0.153,0.0258
TSLA,Mar-19-21,10:53AM,Analyzing Tesla's Unusual Options Activity,0.0,1.0,0.0,0.0
TSLA,Mar-19-21,09:48AM,Gigapress Intended For Tesla's Cybertruck Spotted In Video,0.0,1.0,0.0,0.0
TSLA,Mar-19-21,09:28AM,Volkswagen is trouncing Tesla in the stock market this year,0.0,1.0,0.0,0.0
TSLA,Mar-19-21,08:21AM,UPDATE 3-Chinese military bans Tesla cars in its complexes on camera concerns - sources,0.0,1.0,0.0,0.0
TSLA,Mar-19-21,08:14AM,Dow Jones Futures Rise As Treasury Yields Retreat After Nasdaq Breaks Support Tesla Apple Hit Resistance,0.0,0.674,0.326,0.6486
TSLA,Mar-19-21,08:00AM,You're Out $438 Billion If You Didn't Sell These 10 Fallen Stocks,0.185,0.815,0.0,-0.3612
TSLA,Mar-19-21,07:59AM,Chinese military bans Tesla cars in its complexes on camera concerns - sources,0.0,1.0,0.0,0.0
TSLA,Mar-19-21,05:35AM,Tesla Slips Lower on China Military Ban Report Chip Shortage Concerns,0.494,0.506,0.0,-0.7783
TSLA,Mar-19-21,04:42AM,Tesla On Geely's Mind As It Launches A High-End EV Line: Reuters,0.0,1.0,0.0,0.0
PLTR,Mar-19-21,07:15AM,3 Meme Stocks That Could Actually Make You Rich in 2021 and Beyond,0.0,0.753,0.247,0.5574
SQ,Mar-20-21,08:17AM,What it means if Cathie Wood is the face of the market,0.0,1.0,0.0,0.0
SQ,Mar-20-21,07:35AM,Squares Cash App vulnerable to hackers customers claim: 'They're completely ghosting you',0.147,0.853,0.0,-0.2263
SQ,Mar-19-21,05:45PM,Square (SQ) Gains As Market Dips: What You Should Know,0.0,0.789,0.211,0.34
SPLK,Mar-19-21,06:53PM,This Software Company Fell Behind in the Cloud Era. Now Its Catching Up and the Stock Could Soar.,0.0,1.0,0.0,0.0
NIO,Mar-21-21,06:36AM,5 Large-Cap Stocks That Turned $100000 Into $1 Million in 1 Year,0.0,1.0,0.0,0.0
NIO,Mar-19-21,04:51PM,Nio Must Continue to Manage Elevated Expectations,0.0,1.0,0.0,0.0
TSLA,Mar-21-21,01:46PM,Why Tesla's Charging Stations Are A Key Advantage For Its Future,0.0,0.818,0.182,0.25
TSLA,Mar-21-21,12:27PM,"Elon Musk To Bernie Sanders: ""I Am Accumulating Resources To Help Make Life Multiplanetary""",0.0,0.828,0.172,0.4019
TSLA,Mar-21-21,11:36AM,Thinking About Buying Stock In Xpeng GE Tesla Or Apple?,0.0,1.0,0.0,0.0
TSLA,Mar-21-21,10:06AM,Teslas arrival in India will turbo charge its nascent EV industry,0.0,1.0,0.0,0.0
TSLA,Mar-20-21,08:00PM,Japan deploys scatological strategy to explain finance to kids,0.0,1.0,0.0,0.0
SQ,Mar-21-21,06:05AM,3 Great Robinhood Stocks to Buy With Your $1400 Stimulus Check,0.0,0.687,0.313,0.6249
SPLK,Mar-21-21,11:18AM,Barron's Latest Picks And Pans: Space Race Picks Eli Lilly GameStop Splunk And More,0.0,1.0,0.0,0.0
SPLK,Mar-21-21,10:37AM,Splunk Fell Behind in the Cloud Era. Now Its Catching Up and the Stock Could Soar.,0.0,1.0,0.0,0.0
